analysis_bars_confidence,analysis_bars_start,analysis_beats_confidence,analysis_beats_start,analysis_sections_confidence,analysis_sections_start,analysis_segments_confidence,analysis_segments_loudness_max,analysis_segments_loudness_max_time,analysis_segments_loudness_start,analysis_segments_pitches,analysis_segments_start,analysis_segments_timbre,analysis_songs_analysis_sample_rate,analysis_songs_danceability,analysis_songs_duration,analysis_songs_end_of_fade_in,analysis_songs_energy,analysis_songs_idx_bars_confidence,analysis_songs_idx_bars_start,analysis_songs_idx_beats_confidence,analysis_songs_idx_beats_start,analysis_songs_idx_sections_confidence,analysis_songs_idx_sections_start,analysis_songs_idx_segments_confidence,analysis_songs_idx_segments_loudness_max,analysis_songs_idx_segments_loudness_max_time,analysis_songs_idx_segments_loudness_start,analysis_songs_idx_segments_pitches,analysis_songs_idx_segments_start,analysis_songs_idx_segments_timbre,analysis_songs_idx_tatums_confidence,analysis_songs_idx_tatums_start,analysis_songs_key,analysis_songs_key_confidence,analysis_songs_loudness,analysis_songs_mode,analysis_songs_mode_confidence,analysis_songs_start_of_fade_out,analysis_songs_tempo,analysis_songs_time_signature,analysis_songs_time_signature_confidence,analysis_tatums_confidence,analysis_tatums_start,musicbrainz_songs_year,target,year_sin_2,year_sin_3,year_sin_4,year_sin_5,year_sin_6,year_sin_7,year_sin_8,year_sin_9,year_sin_10,year_sin_11,year_sin_12,year_sin_13,year_sin_14,year_sin_15,year_sin_16,year_sin_17,year_sin_18,year_sin_19,year_sin_20,year_sin_21,year_sin_22,year_sin_23,year_sin_24,year_sin_25,year_sin_26,year_sin_27,year_sin_28,year_sin_29,year_sin_30,year_sin_31,year_sin_32,year_sin_33,year_sin_34,year_sin_35,year_sin_36,year_sin_37,year_sin_38,year_sin_39,year_sin_40,year_sin_41,year_sin_42,year_sin_43,year_sin_44,year_sin_45,year_sin_46,year_sin_47,year_sin_48,year_sin_49,year_sin_50,year_sin_51,year_sin_52,year_sin_53,year_sin_54,year_sin_55,year_sin_56,year_sin_57,year_sin_58,year_sin_59,year_sin_60,year_sin_61,year_sin_62,year_sin_63,year_sin_64,year_sin_65,year_sin_66,year_sin_67,year_sin_68,year_sin_69,year_sin_70,year_sin_71,year_sin_72,year_sin_73,year_sin_74,year_sin_75,year_sin_76,year_sin_77,year_sin_78,year_sin_79,year_sin_80,year_sin_81,year_sin_82,year_sin_83,year_sin_84,year_sin_85,year_sin_86,year_sin_87,year_sin_88,year_sin_89,year_sin_90,year_sin_91,year_sin_92,year_sin_93,year_sin_94,year_sin_95,year_sin_96,year_sin_97,year_sin_98,year_sin_99
"[0.418 0.115 0.162 0.359 0.195 0.378 0.053 0.281 0.162 0.362 0.25  0.307
 0.156 0.305 0.385 0.487 0.378 0.468 0.038 0.553 0.206 0.271 0.201 0.34
 0.189 0.513 0.351 0.393 0.329 0.29  0.312 0.    0.225 0.38  0.42  0.344
 0.393 0.275 0.402 0.173 0.344 0.481 0.041 0.52  0.202 0.33  0.399 0.337
 0.21  0.227 0.209 0.268 0.148 0.127 0.    0.1   0.    0.252 0.187 0.219
 0.302 0.22  0.176 0.293 0.215 0.216 0.334 0.476 0.455 0.232 0.141 0.085
 0.    0.349 0.376 0.345 0.002 0.376 0.334 0.235 0.    0.395 0.154 0.235
 0.414 0.27  0.356 0.415 0.41  0.368 0.244 0.547 0.038 0.543 0.148 0.525
 0.172 0.567 0.211 0.344 0.225 0.304 0.254 0.233 0.198 0.299 0.21  0.356
 0.202 0.518 0.259 0.222 0.277 0.481 0.118 0.528 0.124 0.2   0.14  0.339
 0.118 0.209 0.236 0.051 0.115 0.268 0.204 0.091 0.    0.238 0.283 0.308
 0.228 0.289 0.099 0.231 0.263 0.048 0.    0.249 0.207 0.326 0.509 0.266
 0.219 0.253 0.169 0.229 0.114 0.28  0.283 0.408 0.302 0.41  0.092 0.305
 0.432 0.434 0.    0.342 0.244 0.295 0.18  0.168 0.    0.374 0.312 0.229
 0.245 0.452 0.231 0.403 0.219 0.198 0.212 0.259 0.254 0.247 0.238 0.518
 0.    0.549 0.005 0.362 0.257 0.39  0.171 0.344 0.158 0.378 0.315 0.291
 0.012 0.185 0.234 0.556 0.    0.562 0.432 0.507 0.208 0.196 0.    0.306
 0.274 0.093 0.319 0.225 0.    0.208 0.3   0.327 0.    0.535 0.211 0.128
 0.    0.304 0.084 0.164 0.478 0.457 0.237 0.418 0.317 0.279 0.    0.334
 0.    0.457 0.232 0.553 0.245 0.308 0.166 0.187 0.216 0.457 0.005 0.58
 0.    0.284 0.282 0.356 0.452 0.497 0.246 0.275 0.19  0.512 0.204 0.285
 0.206 0.149 0.295 0.    0.004 0.112 0.226 0.511 0.522 0.129 0.123 0.175
 0.268 0.095 0.146 0.293 0.222 0.    0.216 0.166 0.254 0.558 0.215 0.17
 0.213 0.24  0.187 0.217 0.309 0.52  0.276 0.204 0.315 0.251 0.291 0.366
 0.262 0.342 0.33  0.264 0.254 0.53  0.215 0.366 0.147 0.463 0.324 0.257
 0.    0.445 0.189 0.346 0.235 0.447 0.388 0.296 0.    0.444 0.    0.439
 0.191 0.31  0.11  0.304 0.405 0.342 0.264 0.425 0.337 0.399 0.    0.036
 0.    0.322 0.271 0.284 0.208 0.399 0.212 0.234 0.26  0.306 0.168 0.412
 0.348 0.321 0.137 0.306 0.096 0.459 0.278 0.117 0.    0.038 0.334 0.344
 0.084 0.19  0.333 0.356 0.347 0.248 0.144 0.139 0.431 0.427 0.152 0.369
 0.175 0.437 0.    0.45  0.376 0.411 0.388 0.357 0.324 0.527 0.055 0.525
 0.    0.282 0.15  0.494 0.206 0.405 0.446 0.26  0.    0.478 0.284 0.156
 0.282 0.453 0.282 0.498 0.307 0.341 0.55  0.055 0.012 0.193 0.302 0.
 0.249 0.    0.148 0.316 0.138 0.409 0.132 0.357 0.338 0.258 0.278 0.346
 0.213 0.238 0.142 0.357 0.289 0.256 0.316 0.351 0.063 0.213 0.335 0.321
 0.149 0.291 0.    0.187 0.042 0.435 0.251 0.377 0.439 0.44  0.152 0.272
 0.285 0.349 0.299 0.353 0.354 0.34  0.371 0.196 0.154 0.399 0.    0.34
 0.415 0.495 0.    0.313 0.252 0.305 0.    0.286]","[  0.38807   0.78568   1.18528   1.58488   1.98149   2.38021   2.77794
   3.17348   3.57084   3.97116   4.36796   4.76872   5.16557   5.5724
   5.98419   6.38225   6.77935   7.1774    7.5745    7.97159   8.36484
   8.76194   9.15999   9.55709   9.95515  10.3532   10.75126  11.14836
  11.54545  11.94255  12.33973  12.73197  13.12755  13.52251  13.91452
  14.30297  14.69625  15.08618  15.47088  15.8575   16.24645  16.63057
  17.0214   17.41122  17.80006  18.1894   18.57825  18.96906  19.35984
  19.74965  20.13746  20.5235   20.90955  21.29415  21.68164  22.0672
  22.45276  22.84217  23.2335   23.62195  24.01116  24.40306  24.78906
  25.1798   25.57229  25.95601  26.34851  26.73428  27.11894  27.51114
  27.90237  28.29184  28.68327  29.07677  29.46343  29.85605  30.24778
  30.63854  31.02991  31.41305  31.79809  32.18789  32.57195  32.96175
  33.34653  33.73517  34.12085  34.51038  34.90287  35.29524  35.68761
  36.08578  36.4723   36.86459  37.25688  37.64245  38.03474  38.42607
  38.81451  39.20776  39.59909  39.98562  40.37791  40.76636  41.15222
  41.53647  41.92647  42.30726  42.69284  43.07475  43.46066  43.84562
  44.22853  44.61336  44.99472  45.38124  45.76681  46.15141  46.54178
  46.9283   47.31387  47.70231  48.09651  48.48492  48.87719  49.27428
  49.66558  50.05303  50.44433  50.83178  51.22212  51.60764  51.99413
  52.38543  52.77481  53.16362  53.54954  53.93642  54.32869  54.71614
  55.10551  55.49489  55.88234  56.27276  56.66417  57.05196  57.4401
  57.83306  58.21972  58.60637  58.99494  59.38061  59.76339  60.15275
  60.53824  60.92374  61.31119  61.69768  62.08344  62.46943  62.85543
  63.2405   63.62653  64.0122   64.39462  64.77992  65.16901  65.55426
  65.93784  66.32358  66.71028  67.09491  67.48133  67.86775  68.25306
  68.63934  69.02613  69.41246  69.79782  70.18429  70.5698   70.95708
  71.34322  71.72937  72.11072  72.5017   72.88691  73.27251  73.65811
  74.04271  74.42823  74.81278  75.19638  75.58286  75.96839  76.35487
  76.74136  77.12709  77.51187  77.89375  78.27769  78.65971  79.04157
  79.42231  79.80495  80.18264  80.56128  80.9392   81.31927  81.7022
  82.08068  82.45947  82.83731  83.21855  83.59884  83.97863  84.36275
  84.74111  85.12956  85.51415  85.89585  86.2845   86.67217  87.05897
  87.44873  87.83657  88.22401  88.60954  88.99734  89.38744  89.77367
  90.1597   90.54572  90.93132  91.31748  91.69982  92.08641  92.46917
  92.85385  93.23776  93.62166  94.0047   94.38879  94.77288  95.15563
  95.5403   95.92666  96.31278  96.69794  97.08347  97.46995  97.85644
  98.24581  98.63133  99.01686  99.40238  99.78886 100.17065 100.5563
 100.94171 101.32495 101.71012 102.09402 102.47696 102.86086 103.24439
 103.62793 104.01104 104.39371 104.77639 105.15902 105.54165 105.92525
 106.30691 106.69051 107.07417 107.45693 107.84066 108.22421 108.60758
 108.99095 109.37371 109.75648 110.13925 110.51623 110.899   111.27902
 111.6619  112.04383 112.42629 112.80682 113.19032 113.57294 113.95556
 114.33726 114.71992 115.10252 115.48509 115.8667  116.24878 116.63087
 117.01295 117.39429 117.77277 118.15142 118.52929 118.91288 119.29133
 119.66979 120.04883 120.42751 120.8062  121.18594 121.56292 121.94569
 122.32681 122.70986 123.09237 123.47531 123.8535  124.2231  124.60023
 124.97831 125.35475 125.72933 126.10418 126.47538 126.84658 127.21778
 127.59573 127.9785  128.36127 128.73921 129.11912 129.50001 129.87803
 130.25522 130.63717 131.01246 131.39527 131.77522 132.1513  132.53112
 132.91094 133.28828 133.66754 134.04576 134.42485 134.80394 135.18252
 135.56155 135.93867 136.31915 136.69962 137.08239 137.46744 137.8506
 138.23418 138.61198 138.99556 139.37941 139.76325 140.14571 140.53064
 140.91268 141.29586 141.67808 142.06108 142.44201 142.82199 143.19898
 143.58271 143.95969 144.33667 144.71366 145.08111 145.45782 145.82988
 146.20299 146.57703 146.95013 147.32399 147.69691 148.07018 148.44471
 148.81925 149.19759 149.575   149.95146 150.32742 150.70339 151.07994
 151.45611 151.83133 152.20464 152.58167 152.95591 153.33517 153.70977
 154.08493 154.46536 154.84484 155.22082 155.60062 155.9774  156.35783
 156.7354  157.11435 157.49182 157.86929 158.24597 158.62171 159.00213
 159.37876 159.75633 160.13345 160.50918 160.88773 161.26513 161.64254
 162.02106 162.396   162.77471 163.15459 163.53277 163.91191 164.29028
 164.6696  165.04831 165.42926 165.81116 166.19801 166.57438 166.95742
 167.34115 167.72488 168.10861 168.49234 168.87511 169.25715 169.63443
 170.01621 170.39588 170.77461 171.15434 171.53216 171.9157  172.29683
 172.6713  173.05801 173.44078 173.82644]","[0.418 0.115 0.162 0.359 0.195 0.378 0.053 0.281 0.162 0.362 0.25  0.307
 0.156 0.305 0.385 0.487 0.378 0.468 0.038 0.553 0.206 0.271 0.201 0.34
 0.189 0.513 0.351 0.393 0.329 0.29  0.312 0.    0.225 0.38  0.42  0.344
 0.393 0.275 0.402 0.173 0.344 0.481 0.041 0.52  0.202 0.33  0.399 0.337
 0.21  0.227 0.209 0.268 0.148 0.127 0.    0.1   0.    0.252 0.187 0.219
 0.302 0.22  0.176 0.293 0.215 0.216 0.334 0.476 0.455 0.232 0.141 0.085
 0.    0.349 0.376 0.345 0.002 0.376 0.334 0.235 0.    0.395 0.154 0.235
 0.414 0.27  0.356 0.415 0.41  0.368 0.244 0.547 0.038 0.543 0.148 0.525
 0.172 0.567 0.211 0.344 0.225 0.304 0.254 0.233 0.198 0.299 0.21  0.356
 0.202 0.518 0.259 0.222 0.277 0.481 0.118 0.528 0.124 0.2   0.14  0.339
 0.118 0.209 0.236 0.051 0.115 0.268 0.204 0.091 0.    0.238 0.283 0.308
 0.228 0.289 0.099 0.231 0.263 0.048 0.    0.249 0.207 0.326 0.509 0.266
 0.219 0.253 0.169 0.229 0.114 0.28  0.283 0.408 0.302 0.41  0.092 0.305
 0.432 0.434 0.    0.342 0.244 0.295 0.18  0.168 0.    0.374 0.312 0.229
 0.245 0.452 0.231 0.403 0.219 0.198 0.212 0.259 0.254 0.247 0.238 0.518
 0.    0.549 0.005 0.362 0.257 0.39  0.171 0.344 0.158 0.378 0.315 0.291
 0.012 0.185 0.234 0.556 0.    0.562 0.432 0.507 0.208 0.196 0.    0.306
 0.274 0.093 0.319 0.225 0.    0.208 0.3   0.327 0.    0.535 0.211 0.128
 0.    0.304 0.084 0.164 0.478 0.457 0.237 0.418 0.317 0.279 0.    0.334
 0.    0.457 0.232 0.553 0.245 0.308 0.166 0.187 0.216 0.457 0.005 0.58
 0.    0.284 0.282 0.356 0.452 0.497 0.246 0.275 0.19  0.512 0.204 0.285
 0.206 0.149 0.295 0.    0.004 0.112 0.226 0.511 0.522 0.129 0.123 0.175
 0.268 0.095 0.146 0.293 0.222 0.    0.216 0.166 0.254 0.558 0.215 0.17
 0.213 0.24  0.187 0.217 0.309 0.52  0.276 0.204 0.315 0.251 0.291 0.366
 0.262 0.342 0.33  0.264 0.254 0.53  0.215 0.366 0.147 0.463 0.324 0.257
 0.    0.445 0.189 0.346 0.235 0.447 0.388 0.296 0.    0.444 0.    0.439
 0.191 0.31  0.11  0.304 0.405 0.342 0.264 0.425 0.337 0.399 0.    0.036
 0.    0.322 0.271 0.284 0.208 0.399 0.212 0.234 0.26  0.306 0.168 0.412
 0.348 0.321 0.137 0.306 0.096 0.459 0.278 0.117 0.    0.038 0.334 0.344
 0.084 0.19  0.333 0.356 0.347 0.248 0.144 0.139 0.431 0.427 0.152 0.369
 0.175 0.437 0.    0.45  0.376 0.411 0.388 0.357 0.324 0.527 0.055 0.525
 0.    0.282 0.15  0.494 0.206 0.405 0.446 0.26  0.    0.478 0.284 0.156
 0.282 0.453 0.282 0.498 0.307 0.341 0.55  0.055 0.012 0.193 0.302 0.
 0.249 0.    0.148 0.316 0.138 0.409 0.132 0.357 0.338 0.258 0.278 0.346
 0.213 0.238 0.142 0.357 0.289 0.256 0.316 0.351 0.063 0.213 0.335 0.321
 0.149 0.291 0.    0.187 0.042 0.435 0.251 0.377 0.439 0.44  0.152 0.272
 0.285 0.349 0.299 0.353 0.354 0.34  0.371 0.196 0.154 0.399 0.    0.34
 0.415 0.495 0.    0.313 0.252 0.305 0.    0.286]","[  0.38807   0.78568   1.18528   1.58488   1.98149   2.38021   2.77794
   3.17348   3.57084   3.97116   4.36796   4.76872   5.16557   5.5724
   5.98419   6.38225   6.77935   7.1774    7.5745    7.97159   8.36484
   8.76194   9.15999   9.55709   9.95515  10.3532   10.75126  11.14836
  11.54545  11.94255  12.33973  12.73197  13.12755  13.52251  13.91452
  14.30297  14.69625  15.08618  15.47088  15.8575   16.24645  16.63057
  17.0214   17.41122  17.80006  18.1894   18.57825  18.96906  19.35984
  19.74965  20.13746  20.5235   20.90955  21.29415  21.68164  22.0672
  22.45276  22.84217  23.2335   23.62195  24.01116  24.40306  24.78906
  25.1798   25.57229  25.95601  26.34851  26.73428  27.11894  27.51114
  27.90237  28.29184  28.68327  29.07677  29.46343  29.85605  30.24778
  30.63854  31.02991  31.41305  31.79809  32.18789  32.57195  32.96175
  33.34653  33.73517  34.12085  34.51038  34.90287  35.29524  35.68761
  36.08578  36.4723   36.86459  37.25688  37.64245  38.03474  38.42607
  38.81451  39.20776  39.59909  39.98562  40.37791  40.76636  41.15222
  41.53647  41.92647  42.30726  42.69284  43.07475  43.46066  43.84562
  44.22853  44.61336  44.99472  45.38124  45.76681  46.15141  46.54178
  46.9283   47.31387  47.70231  48.09651  48.48492  48.87719  49.27428
  49.66558  50.05303  50.44433  50.83178  51.22212  51.60764  51.99413
  52.38543  52.77481  53.16362  53.54954  53.93642  54.32869  54.71614
  55.10551  55.49489  55.88234  56.27276  56.66417  57.05196  57.4401
  57.83306  58.21972  58.60637  58.99494  59.38061  59.76339  60.15275
  60.53824  60.92374  61.31119  61.69768  62.08344  62.46943  62.85543
  63.2405   63.62653  64.0122   64.39462  64.77992  65.16901  65.55426
  65.93784  66.32358  66.71028  67.09491  67.48133  67.86775  68.25306
  68.63934  69.02613  69.41246  69.79782  70.18429  70.5698   70.95708
  71.34322  71.72937  72.11072  72.5017   72.88691  73.27251  73.65811
  74.04271  74.42823  74.81278  75.19638  75.58286  75.96839  76.35487
  76.74136  77.12709  77.51187  77.89375  78.27769  78.65971  79.04157
  79.42231  79.80495  80.18264  80.56128  80.9392   81.31927  81.7022
  82.08068  82.45947  82.83731  83.21855  83.59884  83.97863  84.36275
  84.74111  85.12956  85.51415  85.89585  86.2845   86.67217  87.05897
  87.44873  87.83657  88.22401  88.60954  88.99734  89.38744  89.77367
  90.1597   90.54572  90.93132  91.31748  91.69982  92.08641  92.46917
  92.85385  93.23776  93.62166  94.0047   94.38879  94.77288  95.15563
  95.5403   95.92666  96.31278  96.69794  97.08347  97.46995  97.85644
  98.24581  98.63133  99.01686  99.40238  99.78886 100.17065 100.5563
 100.94171 101.32495 101.71012 102.09402 102.47696 102.86086 103.24439
 103.62793 104.01104 104.39371 104.77639 105.15902 105.54165 105.92525
 106.30691 106.69051 107.07417 107.45693 107.84066 108.22421 108.60758
 108.99095 109.37371 109.75648 110.13925 110.51623 110.899   111.27902
 111.6619  112.04383 112.42629 112.80682 113.19032 113.57294 113.95556
 114.33726 114.71992 115.10252 115.48509 115.8667  116.24878 116.63087
 117.01295 117.39429 117.77277 118.15142 118.52929 118.91288 119.29133
 119.66979 120.04883 120.42751 120.8062  121.18594 121.56292 121.94569
 122.32681 122.70986 123.09237 123.47531 123.8535  124.2231  124.60023
 124.97831 125.35475 125.72933 126.10418 126.47538 126.84658 127.21778
 127.59573 127.9785  128.36127 128.73921 129.11912 129.50001 129.87803
 130.25522 130.63717 131.01246 131.39527 131.77522 132.1513  132.53112
 132.91094 133.28828 133.66754 134.04576 134.42485 134.80394 135.18252
 135.56155 135.93867 136.31915 136.69962 137.08239 137.46744 137.8506
 138.23418 138.61198 138.99556 139.37941 139.76325 140.14571 140.53064
 140.91268 141.29586 141.67808 142.06108 142.44201 142.82199 143.19898
 143.58271 143.95969 144.33667 144.71366 145.08111 145.45782 145.82988
 146.20299 146.57703 146.95013 147.32399 147.69691 148.07018 148.44471
 148.81925 149.19759 149.575   149.95146 150.32742 150.70339 151.07994
 151.45611 151.83133 152.20464 152.58167 152.95591 153.33517 153.70977
 154.08493 154.46536 154.84484 155.22082 155.60062 155.9774  156.35783
 156.7354  157.11435 157.49182 157.86929 158.24597 158.62171 159.00213
 159.37876 159.75633 160.13345 160.50918 160.88773 161.26513 161.64254
 162.02106 162.396   162.77471 163.15459 163.53277 163.91191 164.29028
 164.6696  165.04831 165.42926 165.81116 166.19801 166.57438 166.95742
 167.34115 167.72488 168.10861 168.49234 168.87511 169.25715 169.63443
 170.01621 170.39588 170.77461 171.15434 171.53216 171.9157  172.29683
 172.6713  173.05801 173.44078 173.82644]",[1.    1.    0.39  0.306 0.528 0.86  0.831 0.506 0.522 0.398],"[  0.        8.36484  33.73517  53.93642  78.27769  87.83657 117.39429
 130.63717 137.8506  152.58167]","[0.    1.    0.92  0.638 0.18  0.747 0.253 0.7   0.208 0.442 0.637 0.502
 0.227 0.639 0.391 0.587 0.66  0.183 0.247 0.861 0.569 0.219 1.    0.466
 0.758 1.    0.132 0.78  1.    0.245 0.834 1.    0.832 1.    0.791 1.
 0.214 0.688 1.    0.791 1.    0.601 0.511 0.728 0.81  0.95  0.716 1.
 0.828 0.732 0.619 0.967 0.836 0.761 0.735 0.654 0.025 0.964 0.154 0.676
 1.    0.058 0.888 1.    0.64  0.75  1.    0.668 0.046 0.678 0.152 0.281
 0.354 0.565 0.639 0.928 0.803 0.88  0.726 0.879 0.709 1.    1.    1.
 0.851 0.661 0.755 0.509 0.851 1.    1.    0.865 0.103 0.736 0.076 0.998
 0.602 0.819 0.642 0.791 1.    0.215 0.086 0.856 0.452 0.123 0.815 0.9
 1.    0.142 0.76  0.811 0.983 0.1   0.524 1.    0.437 0.764 0.51  0.941
 0.51  0.629 0.153 0.834 0.343 0.399 1.    0.638 1.    0.017 0.922 1.
 0.48  0.847 1.    0.226 0.808 1.    0.039 0.911 1.    1.    1.    0.944
 0.999 0.149 0.67  0.251 0.76  0.571 0.24  0.631 0.884 0.391 1.    0.027
 0.737 0.451 0.678 0.008 0.072 0.904 0.214 0.8   1.    0.343 0.91  1.
 0.964 0.185 1.    0.431 1.    0.554 0.619 0.788 0.172 0.452 0.586 0.803
 0.433 0.595 0.775 0.344 0.898 1.    1.    0.029 0.956 1.    0.901 1.
 0.631 0.009 0.75  0.072 0.782 0.534 0.274 0.865 0.218 0.483 0.937 0.981
 0.222 0.955 0.171 0.672 0.768 0.003 0.859 0.694 0.432 0.819 0.852 0.017
 1.    0.189 0.868 0.846 1.    0.435 0.588 0.998 0.907 0.654 0.947 0.585
 0.697 0.925 0.005 0.617 1.    0.831 1.    1.    1.    0.957 0.921 0.319
 0.69  0.768 0.825 0.484 0.643 0.393 0.552 0.615 0.123 0.2   0.909 0.525
 0.453 0.262 0.56  0.095 0.857 0.97  1.    0.227 0.861 1.    0.301 0.98
 1.    0.18  0.771 0.937 0.728 0.617 0.537 0.887 0.651 0.033 0.057 0.064
 0.145 0.802 0.645 0.009 0.317 0.888 0.925 1.    0.135 0.992 1.    0.264
 0.832 0.547 0.866 0.439 0.506 0.852 0.852 0.817 0.703 1.    0.21  0.64
 0.941 0.239 0.816 0.935 1.    0.655 0.496 0.156 0.95  0.089 0.829 0.995
 0.41  0.516 0.713 0.93  0.207 0.522 1.    0.387 0.73  0.35  1.    0.066
 0.321 0.491 0.934 0.302 0.288 1.    0.766 1.    0.852 1.    0.766 0.88
 1.    0.282 0.936 1.    0.967 1.    0.952 1.    0.774 1.    1.    0.165
 1.    0.887 0.86  1.    0.985 0.003 1.    0.519 0.979 1.    1.    1.
 0.458 0.837 1.    0.853 1.    1.    1.    1.    0.693 0.87  1.    0.098
 0.996 0.215 1.    0.799 0.824 0.934 1.    0.827 0.835 0.685 0.938 1.
 1.    0.981 1.    0.209 1.    1.    1.    1.    0.624 0.817 0.846 1.
 0.298 0.878 1.    1.    1.    0.379 0.873 0.83  1.    0.705 1.    0.939
 1.    0.314 0.952 1.    1.    1.    0.143 1.    1.    0.97  1.    0.802
 0.875 0.329 0.371 0.689 0.129 0.841 0.86  0.391 0.467 0.712 0.651 0.683
 0.017 0.448 0.93  0.063 0.539 0.404 0.182 0.513 0.222 0.919 0.874 1.
 0.984 1.    1.    1.    0.264 0.844 1.    0.258 0.603 0.549 0.724 0.659
 0.013 0.21  0.533 0.931 0.574 0.652 0.955 0.898 1.    0.989 1.    0.848
 0.92  0.775 0.444 0.514 0.249 0.961 0.862 0.88  0.681 1.    0.183 0.714
 0.939 0.167 0.823 0.852 0.815 0.119 0.687 0.515 0.392 0.967 0.977 1.
 0.038 0.237 0.8   0.73  1.    0.411 0.674 1.    0.357 0.809 0.395 0.968
 0.356 0.694 0.971 0.645 1.    0.078 0.728 1.    0.693 0.738 1.    0.792
 1.    0.745 1.    0.403 0.884 1.    0.328 0.863 1.    0.911 1.    0.099
 1.    0.864 0.488 0.592 0.392 0.748 0.552 1.    0.404 0.811 0.715 0.567
 0.408 0.894 0.407 0.903 1.    0.34  0.761 1.    0.911 0.054 1.    0.949
 0.761 0.85  0.171 0.064 0.173 0.932 0.132 0.542 0.465 0.779 0.891 0.777
 0.764 0.069 0.928 0.969 1.    0.706 0.802 0.656 0.494 0.884 0.03  0.945
 0.888 1.    0.574 1.    0.837 1.    1.    1.    0.382 0.225 0.929 0.667
 0.675 0.954 1.    0.486 0.678 0.721 1.    0.355 0.399 0.904 0.853 0.419
 0.944 0.573 0.591 0.882 0.571 1.    0.693 1.    0.923 1.    0.981 0.082
 1.    0.768 0.637 1.    0.419 0.468 0.933 0.914 0.595 0.949 0.574 0.65
 0.868 0.643 1.    0.473 1.    0.506]","[-60.    -28.823 -30.384 -29.706 -28.001 -31.285 -29.423 -30.051 -32.775
 -30.287 -30.586 -31.599 -30.372 -30.772 -32.991 -29.824 -31.223 -33.55
 -32.257 -29.271 -31.746 -30.749 -17.17  -29.423 -23.71  -16.739 -28.409
 -22.903 -15.665 -29.272 -22.004 -16.304 -21.031 -16.643 -24.001 -16.295
 -27.137 -23.446 -14.764 -23.035 -16.601 -21.647 -18.999 -12.387 -11.918
 -13.732 -21.051 -13.959 -11.084 -13.444 -16.718 -12.021 -15.484 -18.496
 -11.553 -13.325 -14.426 -13.587 -24.917 -22.14  -15.539 -27.794 -21.142
 -14.395 -21.096 -20.662 -10.538 -15.297 -16.361 -13.693 -15.937 -16.787
 -16.152 -13.307 -15.365 -12.243 -13.233 -13.322 -14.075 -13.455 -19.669
 -15.22  -18.658 -13.14  -16.785 -15.436 -11.352 -14.577 -14.59  -11.402
 -12.982 -12.447 -23.7   -17.672 -23.109 -15.36  -21.727 -17.161 -12.446
 -11.116  -9.981 -14.153 -17.638 -12.723 -15.385 -13.588 -13.148 -18.738
 -14.204 -15.78  -14.733 -15.779 -12.637 -17.4   -14.696 -15.78  -16.646
 -14.641 -21.216 -12.858 -17.57  -15.364 -18.371 -12.667 -18.37  -22.378
 -12.262 -18.64  -13.959 -27.503 -19.83  -14.74  -26.679 -20.111 -14.544
 -27.228 -20.705 -13.63  -28.142 -19.95  -14.612 -19.427 -16.639 -19.756
 -16.124 -21.787 -17.428 -18.439 -13.493 -15.401 -14.866 -14.196 -10.876
 -13.587 -13.284 -22.852 -16.76  -18.861 -13.742 -16.073 -15.805 -14.253
 -24.062 -19.691 -15.064 -26.652 -17.948 -16.227 -18.469 -28.66  -14.632
 -18.826 -13.05  -13.172 -11.272 -14.666 -13.965 -15.054 -12.714 -15.107
 -11.608 -13.913 -14.318 -14.056 -14.126 -18.395 -13.995 -26.637 -18.263
 -14.059 -18.089 -16.299 -11.987 -16.517 -14.328 -15.913 -12.92  -14.517
 -13.617 -13.814 -19.933 -16.062 -13.542 -18.421 -26.679 -14.431 -12.53
 -14.965 -13.282 -10.808 -10.341 -10.678 -12.781 -13.935 -19.4   -28.169
 -12.598 -16.995 -12.509 -16.849 -11.727 -17.636 -15.433 -14.235 -13.887
 -21.284 -12.434 -18.06  -15.053 -12.84  -19.856 -17.352 -12.83  -16.393
 -11.962 -13.623 -13.065 -16.219 -13.219 -14.313 -10.213 -12.961 -15.154
 -11.154 -18.654 -16.009 -16.509 -12.719 -17.534 -15.929 -10.543 -13.808
 -12.822 -11.741 -15.528 -16.436 -12.478 -16.334 -13.798 -25.45  -19.889
 -13.865 -25.828 -16.052 -12.554 -16.497 -14.968 -15.871 -12.544 -17.689
 -16.1   -13.14  -10.753 -11.989 -12.252 -11.46  -18.39  -19.138 -13.638
 -20.796 -18.56  -13.342 -18.629 -13.45  -26.012 -16.039 -12.4   -25.157
 -16.884 -19.172  -9.597 -19.439 -16.338 -13.326 -14.462 -14.126 -17.167
 -13.522 -21.757 -15.691 -12.416 -13.762 -11.281 -12.215 -10.818 -12.302
 -16.392 -14.906 -12.625 -23.454 -17.472 -12.858 -13.804 -13.876 -15.483
 -12.204 -16.461 -16.67  -13.802 -16.147 -14.263 -21.884 -10.837 -18.805
 -19.982 -15.424 -11.924 -19.929 -18.796 -13.123 -18.088 -11.945 -17.736
 -12.494 -20.756 -18.536 -13.544 -26.961 -19.14  -14.407 -19.219 -16.126
 -18.042 -14.065 -20.109 -15.43  -14.241 -26.401 -13.364 -13.311 -17.019
 -13.111 -14.638 -22.634 -11.955 -21.476 -16.465 -11.732 -15.604 -14.479
 -22.576 -15.773 -13.721 -18.363 -13.867 -17.503 -12.721 -12.49  -13.042
 -14.183 -12.425 -22.335 -14.425 -23.216 -11.574 -13.216 -14.537 -16.335
 -12.502 -14.636 -12.682 -17.084 -14.762 -14.709 -12.374 -13.972 -15.06
 -26.647 -14.215 -11.609 -13.866 -10.814 -13.189 -10.861 -13.059 -13.644
 -23.492 -16.607 -12.533 -15.673 -10.51  -13.641  -9.301 -15.995 -12.893
 -19.337 -14.359 -17.715 -11.69  -21.915 -14.252 -12.282 -19.042 -14.674
 -21.345 -16.22  -11.538 -14.67  -12.907 -19.009 -15.572 -14.554 -13.24
 -10.027 -13.644 -12.577 -14.888 -11.211 -19.31  -13.879 -16.5   -11.404
 -18.805 -14.985 -10.215 -17.2   -13.627 -12.615 -10.157 -16.725 -15.57
 -12.43  -18.982 -14.24  -18.93  -11.738 -17.626 -12.458 -16.822 -12.616
 -14.365 -11.858 -16.133 -14.232 -11.407 -11.563 -11.223 -11.085 -16.187
 -17.045 -12.009 -15.616 -12.352 -19.383 -13.248 -17.639 -12.406 -17.42
 -16.417 -10.459 -17.835 -17.567 -19.094 -11.096 -14.411 -12.972 -16.517
 -13.499 -20.383 -16.752 -12.626 -11.666 -13.525 -12.784 -12.956 -11.169
 -12.957 -17.466 -14.686 -13.448 -17.058 -12.536 -18.796 -16.203 -14.265
 -17.499 -12.743 -20.015 -15.492 -13.584 -16.154 -15.249 -21.653 -11.77
 -17.877 -13.552 -10.713 -16.62  -11.28  -20.087 -18.089 -13.427 -21.392
 -20.213 -11.756 -21.727 -12.956 -20.799 -14.315 -24.627 -18.986 -14.265
 -25.846 -19.139 -13.907 -18.492 -13.345 -22.391 -11.84  -11.722 -16.821
 -13.3   -18.513 -11.664 -13.784 -11.231 -19.581 -17.993 -16.333 -12.221
 -11.137 -11.999 -19.947 -17.438 -14.361 -24.905 -20.205 -13.826 -19.544
 -25.89  -13.487 -14.219 -10.019 -13.568 -15.65  -15.259 -12.692 -12.675
 -13.2   -11.405 -11.247 -16.192 -12.143 -15.441 -12.571 -19.002 -13.316
 -19.485 -13.476 -17.119 -16.258 -11.168 -16.499 -18.004 -19.428 -11.562
 -13.556 -11.634 -17.677 -13.252 -19.212 -13.675  -9.04  -11.126 -14.57
 -16.707 -10.583 -13.915 -12.618 -17.986 -13.911 -15.894 -15.257 -15.979
 -12.28  -18.897 -16.441 -13.84  -16.229 -22.429 -13.115 -19.452 -15.351
 -13.714 -18.588 -12.794 -18.939 -13.542 -18.468 -12.213 -17.173 -26.967
 -10.921 -13.246 -13.188 -10.694 -15.774 -15.079 -14.46  -15.74  -21.933
 -11.336 -20.215 -14.507 -13.13  -17.312 -13.65  -17.819 -15.215 -22.784]","[0.      0.04319 0.02908 0.04315 0.01878 0.02445 0.02532 0.03384 0.04931
 0.03171 0.03964 0.07737 0.0268  0.03404 0.02743 0.03173 0.0277  0.04391
 0.02121 0.03038 0.04674 0.02616 0.07806 0.03349 0.05576 0.07294 0.03561
 0.07976 0.0624  0.03207 0.03664 0.07883 0.07103 0.07454 0.06145 0.0699
 0.03512 0.04347 0.06575 0.03841 0.08587 0.04543 0.24293 0.06518 0.0762
 0.06274 0.06746 0.04876 0.09979 0.0695  0.05879 0.0578  0.05998 0.07778
 0.05134 0.06398 0.04873 0.05264 0.04813 0.05237 0.07805 0.03707 0.06715
 0.09133 0.03999 0.05307 0.05284 0.03964 0.05155 0.09085 0.04891 0.0628
 0.09366 0.03823 0.07625 0.11118 0.11588 0.06015 0.11615 0.04202 0.06409
 0.07311 0.07839 0.05512 0.07127 0.21655 0.04348 0.0658  0.07205 0.05795
 0.08388 0.05258 0.14745 0.05846 0.05103 0.07266 0.05525 0.21801 0.17219
 0.06967 0.08474 0.02682 0.03486 0.06822 0.22586 0.04279 0.06453 0.05351
 0.05223 0.03779 0.07366 0.05606 0.06406 0.08183 0.03296 0.05933 0.06361
 0.07861 0.03761 0.05188 0.04636 0.09067 0.07518 0.05655 0.03775 0.01671
 0.09526 0.04619 0.05371 0.03806 0.05026 0.07714 0.04491 0.05053 0.05873
 0.06334 0.05091 0.06941 0.0178  0.06005 0.08383 0.06107 0.07861 0.05228
 0.08449 0.02294 0.04645 0.0708  0.0972  0.04775 0.03734 0.05536 0.05927
 0.06729 0.06199 0.0477  0.03498 0.16548 0.05766 0.09    0.03304 0.0533
 0.04347 0.05513 0.06646 0.04113 0.05649 0.06659 0.06644 0.10594 0.05817
 0.06993 0.09361 0.04933 0.14006 0.04169 0.03547 0.04178 0.10498 0.11798
 0.08418 0.04454 0.07815 0.03231 0.05156 0.05522 0.05499 0.01983 0.04437
 0.0611  0.04254 0.08615 0.0496  0.04786 0.04409 0.02166 0.08947 0.04255
 0.05058 0.03734 0.13357 0.02906 0.04217 0.05998 0.08221 0.08919 0.02582
 0.05616 0.04459 0.09111 0.06752 0.05007 0.15764 0.04365 0.06885 0.03384
 0.08879 0.04319 0.05979 0.05283 0.06261 0.05666 0.05497 0.06596 0.05187
 0.07461 0.06099 0.04208 0.04063 0.08964 0.01905 0.03525 0.06439 0.04335
 0.07939 0.04824 0.06265 0.04861 0.04522 0.0584  0.03913 0.05164 0.13501
 0.04488 0.0947  0.03405 0.04289 0.07059 0.15441 0.03793 0.07072 0.06901
 0.06143 0.02717 0.06751 0.04421 0.05951 0.05451 0.04324 0.04789 0.05173
 0.07947 0.05313 0.0547  0.07462 0.04573 0.06141 0.04794 0.04035 0.05795
 0.04287 0.0753  0.11889 0.03077 0.1102  0.02181 0.03052 0.07929 0.03863
 0.03741 0.04486 0.09748 0.08574 0.05352 0.03688 0.05785 0.04428 0.04
 0.07524 0.18083 0.05333 0.05203 0.03484 0.04459 0.09573 0.05559 0.04871
 0.05016 0.04965 0.04155 0.24728 0.03592 0.0993  0.05007 0.24365 0.0707
 0.16182 0.04598 0.04096 0.05299 0.05204 0.05191 0.07617 0.04632 0.05634
 0.06603 0.07732 0.08931 0.08134 0.02609 0.0444  0.03878 0.04198 0.03447
 0.06149 0.08845 0.0601  0.07052 0.04335 0.05511 0.06681 0.08219 0.04599
 0.0702  0.08555 0.06566 0.08715 0.04129 0.06059 0.07947 0.05575 0.07613
 0.05299 0.05143 0.06166 0.05223 0.06175 0.03855 0.04312 0.05594 0.04396
 0.05116 0.03868 0.03345 0.04364 0.06556 0.03322 0.06226 0.04851 0.06609
 0.0258  0.05211 0.04709 0.06338 0.08571 0.07761 0.0628  0.05031 0.06367
 0.06466 0.05113 0.04323 0.03613 0.05724 0.03988 0.05673 0.05563 0.0577
 0.05905 0.09078 0.06505 0.0559  0.04684 0.03503 0.05603 0.03616 0.09759
 0.03471 0.04494 0.07227 0.06424 0.08531 0.04049 0.07544 0.04018 0.06257
 0.10584 0.04834 0.03252 0.06032 0.04134 0.04969 0.04524 0.03385 0.04533
 0.01558 0.0481  0.05317 0.04577 0.01423 0.06056 0.04779 0.04485 0.07745
 0.02264 0.03356 0.05008 0.0456  0.04872 0.0481  0.04834 0.04433 0.07435
 0.05098 0.01528 0.049   0.18417 0.03703 0.08452 0.05908 0.09544 0.05587
 0.1183  0.04534 0.03943 0.04997 0.05542 0.08856 0.04171 0.09441 0.03363
 0.04372 0.05548 0.07755 0.05398 0.04322 0.06268 0.05175 0.05299 0.05327
 0.17412 0.03365 0.0449  0.04722 0.10195 0.11079 0.00811 0.04255 0.03902
 0.07022 0.04193 0.05252 0.05952 0.05149 0.08274 0.07359 0.05795 0.04976
 0.10746 0.06787 0.0684  0.04994 0.05357 0.05057 0.21918 0.05527 0.03847
 0.04448 0.04204 0.07768 0.14259 0.04178 0.07348 0.08517 0.12442 0.11215
 0.05158 0.16603 0.04746 0.05337 0.07046 0.08566 0.04786 0.03498 0.05472
 0.04754 0.06654 0.0144  0.06213 0.06293 0.06046 0.05668 0.05429 0.04838
 0.06456 0.06243 0.05647 0.04804 0.06884 0.04689 0.09052 0.06828 0.07884
 0.03132 0.06806 0.05321 0.04475 0.05361 0.05587 0.01978 0.05437 0.0566
 0.03746 0.0676  0.10049 0.07179 0.06341 0.01271 0.12803 0.05625 0.04039
 0.03446 0.11811 0.06171 0.02361 0.05947 0.02464 0.05312 0.1904  0.03033
 0.13707 0.04969 0.0174  0.05562 0.06542 0.06939 0.05248 0.05416 0.07363
 0.17473 0.03955 0.05477 0.06035 0.0766  0.03198 0.03698 0.17439 0.08001
 0.08627 0.0468  0.09159 0.09475 0.0446  0.29161 0.06932 0.0337  0.10805
 0.05133 0.05734 0.06099 0.221   0.03812 0.07336 0.05434 0.08732 0.0905
 0.0578  0.07166 0.04219 0.06429 0.07967 0.09228 0.09467 0.08129 0.07088
 0.08943 0.06317 0.20689 0.03029 0.05815 0.06782 0.03099 0.06715 0.04906
 0.06401 0.05471 0.04094 0.0492  0.03741 0.04944 0.05053 0.05551 0.06896
 0.04132 0.04569 0.04985 0.03847 0.05837 0.04001 0.04954 0.06039 0.07868
 0.05344 0.05523 0.02923 0.04787 0.04834 0.0306  0.09472 0.0457  0.04748
 0.04408 0.21029 0.04371 0.08138 0.04824 0.05354 0.05524 0.08231 0.05082]","[-60.    -60.    -41.294 -35.539 -30.896 -39.341 -33.646 -36.46  -35.752
 -35.135 -36.447 -35.976 -33.043 -36.841 -37.666 -35.733 -37.399 -36.339
 -35.18  -37.204 -36.9   -33.69  -38.127 -34.65  -32.106 -35.61  -31.808
 -31.536 -35.306 -32.802 -31.693 -36.029 -30.941 -36.153 -32.379 -36.141
 -30.806 -30.464 -34.054 -31.472 -34.066 -27.567 -27.139 -19.791 -21.108
 -24.087 -28.213 -27.417 -22.171 -21.415 -24.793 -25.217 -24.374 -28.457
 -17.885 -18.316 -16.197 -26.447 -28.353 -28.715 -33.922 -30.82  -31.25
 -35.472 -26.833 -29.307 -24.198 -22.057 -17.384 -22.76  -18.724 -20.382
 -18.82  -21.436 -22.672 -29.283 -23.34  -23.938 -26.109 -22.937 -28.047
 -34.12  -33.068 -33.013 -26.535 -26.182 -15.538 -20.988 -26.472 -23.364
 -27.929 -24.072 -27.163 -26.002 -24.913 -28.601 -27.518 -28.421 -17.304
 -20.063 -27.119 -17.155 -19.143 -22.752 -20.569 -15.596 -23.407 -29.683
 -28.366 -19.043 -23.398 -26.662 -25.434 -19.543 -20.753 -29.56  -21.637
 -23.786 -24.759 -23.628 -22.497 -21.944 -21.258 -22.298 -22.465 -28.389
 -29.858 -25.386 -33.736 -30.111 -31.31  -35.044 -31.602 -29.998 -34.2
 -31.177 -29.558 -37.412 -29.709 -31.273 -35.322 -33.013 -35.437 -31.36
 -31.128 -22.814 -23.288 -22.783 -22.345 -18.966 -19.373 -19.404 -21.833
 -17.323 -28.421 -25.496 -24.594 -27.129 -18.938 -18.083 -18.756 -24.853
 -28.187 -28.536 -30.934 -31.069 -28.956 -33.245 -30.771 -31.674 -29.117
 -24.113 -27.254 -17.583 -18.203 -22.931 -17.573 -18.868 -20.704 -24.423
 -16.029 -19.024 -23.978 -19.938 -24.794 -32.918 -34.146 -28.481 -30.432
 -33.396 -28.342 -32.417 -18.539 -18.018 -24.159 -17.36  -21.684 -19.83
 -16.931 -20.887 -22.67  -20.104 -23.056 -31.691 -30.438 -26.843 -17.641
 -23.278 -21.04  -13.707 -20.937 -19.661 -18.825 -23.361 -29.815 -30.033
 -29.439 -19.026 -24.298 -28.89  -29.169 -22.321 -20.915 -26.744 -27.836
 -28.487 -24.905 -24.771 -21.475 -25.928 -22.294 -24.483 -27.754 -26.349
 -34.041 -31.161 -32.641 -28.816 -24.629 -17.567 -16.776 -21.558 -25.788
 -16.241 -25.514 -19.638 -22.337 -18.587 -20.35  -17.735 -21.417 -19.246
 -16.861 -17.493 -20.477 -19.017 -22.505 -28.981 -32.783 -30.14  -29.797
 -34.082 -30.008 -28.932 -33.446 -20.22  -24.434 -28.94  -20.241 -24.109
 -21.664 -23.113 -20.037 -12.81  -14.783 -12.707 -20.806 -28.416 -20.692
 -24.387 -21.999 -26.156 -30.955 -31.922 -28.255 -29.713 -31.407 -28.865
 -27.34  -25.085 -19.466 -24.101 -21.661 -24.41  -24.524 -24.031 -24.532
 -31.068 -23.451 -22.189 -26.032 -17.268 -21.207 -23.528 -24.681 -20.374
 -22.308 -17.412 -25.872 -26.454 -27.811 -25.85  -18.521 -19.504 -24.634
 -23.456 -19.691 -22.466 -29.255 -18.796 -24.097 -25.029 -25.875 -21.179
 -22.73  -20.361 -24.108 -23.697 -23.183 -29.991 -26.172 -34.485 -27.768
 -33.127 -30.363 -29.684 -35.674 -31.334 -30.869 -34.366 -31.723 -34.801
 -29.487 -26.357 -29.375 -29.204 -33.274 -28.226 -29.202 -23.486 -26.752
 -23.361 -27.243 -25.769 -29.238 -26.95  -30.04  -32.691 -31.668 -31.342
 -28.14  -25.733 -27.196 -28.371 -32.071 -33.02  -32.894 -29.817 -20.496
 -24.383 -25.195 -26.846 -26.801 -27.352 -28.215 -22.072 -23.819 -28.718
 -27.184 -24.105 -21.885 -24.516 -26.845 -29.175 -31.721 -27.096 -34.201
 -30.027 -29.496 -30.895 -27.451 -28.745 -18.936 -20.986 -24.542 -28.489
 -27.834 -26.993 -26.447 -29.423 -23.875 -17.65  -20.044 -26.191 -26.633
 -28.17  -29.987 -29.97  -30.815 -26.874 -27.135 -29.675 -33.558 -34.368
 -26.254 -29.279 -32.262 -28.203 -29.852 -28.383 -27.02  -18.734 -16.757
 -18.054 -14.823 -21.394 -26.757 -15.295 -24.786 -21.605 -23.212 -18.543
 -20.864 -19.199 -21.015 -19.548 -19.156 -16.574 -13.937 -22.341 -19.972
 -24.748 -28.954 -32.689 -31.911 -27.767 -31.596 -32.766 -20.24  -23.985
 -30.018 -16.306 -22.457 -19.665 -20.251 -19.051 -12.336 -13.317 -22.041
 -29.23  -18.565 -22.237 -24.823 -29.689 -35.267 -30.605 -32.367 -27.062
 -29.736 -19.355 -23.258 -22.522 -22.535 -23.706 -25.142 -23.22  -24.162
 -31.266 -23.741 -24.482 -25.265 -15.805 -22.688 -23.587 -21.243 -12.98
 -19.687 -23.659 -18.538 -26.528 -30.324 -29.562 -21.575 -18.928 -23.754
 -27.865 -27.391 -22.033 -22.412 -30.386 -21.155 -25.563 -24.665 -23.391
 -22.047 -20.046 -23.376 -23.43  -30.849 -23.23  -25.899 -32.549 -28.701
 -28.881 -33.112 -29.293 -31.852 -28.948 -32.819 -28.76  -29.331 -32.956
 -30.93  -29.429 -32.055 -29.508 -29.24  -24.061 -27.348 -21.907 -22.255
 -19.691 -23.605 -19.958 -15.809 -28.    -23.156 -26.367 -27.322 -17.267
 -16.056 -23.665 -23.423 -29.32  -32.029 -28.932 -28.731 -31.701 -30.067
 -29.576 -26.271 -25.027 -18.488 -24.89  -18.18  -18.627 -16.837 -24.943
 -15.791 -15.393 -17.319 -26.582 -23.041 -23.788 -20.702 -21.217 -25.837
 -31.474 -32.479 -24.033 -27.721 -16.415 -22.905 -28.457 -21.748 -24.712
 -24.161 -27.604 -23.197 -26.641 -28.904 -27.634 -25.615 -26.408 -18.378
 -19.91  -22.798 -19.388 -21.491 -29.698 -28.023 -23.142 -23.107 -26.051
 -29.123 -22.563 -20.184 -23.855 -27.457 -27.089 -25.199 -25.216 -20.718
 -21.397 -24.753 -27.012 -25.565 -31.703 -29.134 -34.57  -29.924 -29.086
 -27.836 -21.285 -21.534 -23.196 -19.257 -17.941 -27.346 -27.271 -27.978
 -24.055 -26.054 -20.437 -23.983 -22.845 -26.399 -22.529 -29.119 -28.542]","[[0.741 0.741 0.557 ... 0.757 0.512 0.618]
 [0.001 0.002 0.064 ... 0.002 0.001 0.004]
 [0.005 0.008 0.162 ... 0.008 0.003 0.011]
 ...
 [0.007 0.145 1.    ... 0.02  0.006 0.046]
 [0.013 0.089 1.    ... 0.015 0.013 0.044]
 [0.001 0.002 0.428 ... 0.005 0.006 0.04 ]]","[0.0000000e+00 1.4803000e-01 5.4349000e-01 7.5079000e-01 9.5460000e-01
 1.5323400e+00 1.7496100e+00 2.1387300e+00 2.3268000e+00 2.5671200e+00
 2.9533300e+00 3.1437600e+00 3.3758300e+00 3.7359600e+00 3.9200500e+00
 4.1355600e+00 4.5433100e+00 4.7194100e+00 4.9225900e+00 5.3146900e+00
 5.5224500e+00 5.7352400e+00 6.0782300e+00 6.3229900e+00 6.4933300e+00
 6.8860300e+00 7.0976000e+00 7.2959200e+00 7.7041700e+00 7.9346000e+00
 8.1218600e+00 8.4844400e+00 8.9017700e+00 9.2855300e+00 9.6992700e+00
 1.0089070e+01 1.0323490e+01 1.0505710e+01 1.0890110e+01 1.1304080e+01
 1.1690070e+01 1.2111930e+01 1.2235560e+01 1.2495650e+01 1.2871200e+01
 1.3301410e+01 1.3677870e+01 1.4073060e+01 1.4226490e+01 1.4457370e+01
 1.4686530e+01 1.4838680e+01 1.5048980e+01 1.5417050e+01 1.5612380e+01
 1.5810250e+01 1.5990340e+01 1.6369340e+01 1.6572240e+01 1.6764350e+01
 1.7148620e+01 1.7373510e+01 1.7536870e+01 1.7912470e+01 1.8330070e+01
 1.8528300e+01 1.8726120e+01 1.9130390e+01 1.9355560e+01 1.9482810e+01
 1.9704670e+01 1.9883450e+01 2.0134010e+01 2.0302590e+01 2.0506170e+01
 2.0991790e+01 2.1230930e+01 2.1795960e+01 2.2013700e+01 2.2578730e+01
 2.2966440e+01 2.3353110e+01 2.3755330e+01 2.4151610e+01 2.4546390e+01
 2.4735870e+01 2.4957410e+01 2.5121320e+01 2.5336370e+01 2.5717690e+01
 2.5920050e+01 2.6490110e+01 2.6677820e+01 2.6861630e+01 2.7072340e+01
 2.7255600e+01 2.7664850e+01 2.7801590e+01 2.8030480e+01 2.8425260e+01
 2.8794920e+01 2.9244400e+01 2.9441860e+01 2.9602680e+01 2.9783310e+01
 3.0044220e+01 3.0404720e+01 3.0812290e+01 3.1197140e+01 3.1373330e+01
 3.1568750e+01 3.1729890e+01 3.1932430e+01 3.2125400e+01 3.2337280e+01
 3.2697550e+01 3.2853510e+01 3.3075370e+01 3.3280090e+01 3.3478680e+01
 3.3656870e+01 3.3835150e+01 3.4056600e+01 3.4245710e+01 3.4694560e+01
 3.4879410e+01 3.5017820e+01 3.5453150e+01 3.5830700e+01 3.6032610e+01
 3.6238870e+01 3.6595460e+01 3.6839410e+01 3.7013510e+01 3.7397050e+01
 3.7592700e+01 3.7784170e+01 3.8158050e+01 3.8414650e+01 3.8558230e+01
 3.8934600e+01 3.9369710e+01 3.9743540e+01 4.0162810e+01 4.0520770e+01
 4.0791610e+01 4.0939500e+01 4.1074920e+01 4.1259550e+01 4.1527940e+01
 4.1730840e+01 4.2071110e+01 4.2257100e+01 4.2442130e+01 4.2827620e+01
 4.3049890e+01 4.3232150e+01 4.3408440e+01 4.3582770e+01 4.3749840e+01
 4.3999090e+01 4.4375240e+01 4.4558140e+01 4.4749750e+01 4.5129120e+01
 4.5341410e+01 4.5513830e+01 4.5899320e+01 4.6299910e+01 4.6555100e+01
 4.6677140e+01 4.6823760e+01 4.7044850e+01 4.7463630e+01 4.7631840e+01
 4.8120000e+01 4.8246940e+01 4.8549520e+01 4.8985900e+01 4.9204540e+01
 4.9379590e+01 4.9809890e+01 5.0029750e+01 5.0210880e+01 5.0580540e+01
 5.0964850e+01 5.1364490e+01 5.1654380e+01 5.1761000e+01 5.2122720e+01
 5.2538410e+01 5.2756330e+01 5.2921130e+01 5.3177230e+01 5.3305850e+01
 5.3512560e+01 5.3664260e+01 5.3942590e+01 5.4087890e+01 5.4500730e+01
 5.4742540e+01 5.4882400e+01 5.5249930e+01 5.5626670e+01 5.5856830e+01
 5.5997690e+01 5.6127260e+01 5.6424760e+01 5.6803310e+01 5.7007620e+01
 5.7198590e+01 5.7596330e+01 5.7767070e+01 5.8367210e+01 5.8739000e+01
 5.9041090e+01 5.9122130e+01 5.9376150e+01 5.9533700e+01 5.9689070e+01
 5.9893650e+01 6.0090070e+01 6.0304540e+01 6.0673510e+01 6.1076330e+01
 6.1242450e+01 6.1434970e+01 6.1661720e+01 6.1848840e+01 6.2182680e+01
 6.2497640e+01 6.2634240e+01 6.2985120e+01 6.3399230e+01 6.3744170e+01
 6.4161770e+01 6.4531880e+01 6.4751160e+01 6.4929160e+01 6.5123270e+01
 6.5303270e+01 6.5675010e+01 6.5878320e+01 6.6076100e+01 6.6281040e+01
 6.6470480e+01 6.6699460e+01 6.6846850e+01 6.7072830e+01 6.7240630e+01
 6.7600730e+01 6.8007260e+01 6.8188250e+01 6.8414650e+01 6.8572290e+01
 6.8814330e+01 6.9164310e+01 6.9548930e+01 6.9946530e+01 7.0137050e+01
 7.0330610e+01 7.0696050e+01 7.0930840e+01 7.1095600e+01 7.1462450e+01
 7.1701860e+01 7.1865990e+01 7.2050430e+01 7.2287300e+01 7.2437510e+01
 7.2663450e+01 7.2999050e+01 7.3238050e+01 7.3464720e+01 7.3615280e+01
 7.3830660e+01 7.4197280e+01 7.4421500e+01 7.4557960e+01 7.4823400e+01
 7.4951970e+01 7.5299320e+01 7.5697550e+01 7.6111750e+01 7.6338730e+01
 7.6489390e+01 7.6893510e+01 7.7097600e+01 7.7290570e+01 7.7454880e+01
 7.7661220e+01 7.7879270e+01 7.8041320e+01 7.8410790e+01 7.8654380e+01
 7.9183130e+01 7.9594780e+01 7.9949570e+01 8.0285940e+01 8.0349390e+01
 8.0495830e+01 8.0860140e+01 8.1056280e+01 8.1455060e+01 8.1675330e+01
 8.2195510e+01 8.2365120e+01 8.2607300e+01 8.2984540e+01 8.3200090e+01
 8.3368120e+01 8.3734240e+01 8.3844170e+01 8.4127480e+01 8.4255690e+01
 8.4494290e+01 8.4661220e+01 8.4847570e+01 8.5244850e+01 8.5424580e+01
 8.5660820e+01 8.5815600e+01 8.6047480e+01 8.6238370e+01 8.6346530e+01
 8.6421220e+01 8.6811070e+01 8.7063310e+01 8.7235150e+01 8.7591520e+01
 8.7973240e+01 8.8323220e+01 8.8758050e+01 8.9131430e+01 8.9344310e+01
 8.9527260e+01 8.9894780e+01 9.0120450e+01 9.0309980e+01 9.0672880e+01
 9.1078100e+01 9.1441630e+01 9.1847480e+01 9.2241630e+01 9.2430750e+01
 9.2618460e+01 9.2975150e+01 9.3228570e+01 9.3382680e+01 9.3764400e+01
 9.4154600e+01 9.4535420e+01 9.4908440e+01 9.5085440e+01 9.5292830e+01
 9.5490520e+01 9.5693110e+01 9.6055650e+01 9.6458230e+01 9.6819820e+01
 9.7051520e+01 9.7242490e+01 9.7621040e+01 9.7996960e+01 9.8364900e+01
 9.8748750e+01 9.9159410e+01 9.9542090e+01 9.9929520e+01 1.0031909e+02
 1.0070576e+02 1.0089619e+02 1.0110122e+02 1.0128776e+02 1.0146286e+02
 1.0184553e+02 1.0223628e+02 1.0262336e+02 1.0300336e+02 1.0336390e+02
 1.0376127e+02 1.0415556e+02 1.0454440e+02 1.0492744e+02 1.0530680e+02
 1.0569039e+02 1.0602526e+02 1.0627995e+02 1.0644698e+02 1.0682472e+02
 1.0720857e+02 1.0759256e+02 1.0799850e+02 1.0836281e+02 1.0876000e+02
 1.0915587e+02 1.0933306e+02 1.0952621e+02 1.0989878e+02 1.1026662e+02
 1.1066063e+02 1.1104653e+02 1.1142336e+02 1.1181143e+02 1.1219415e+02
 1.1256789e+02 1.1295859e+02 1.1333810e+02 1.1372744e+02 1.1391714e+02
 1.1410694e+02 1.1449456e+02 1.1486961e+02 1.1521819e+02 1.1543673e+02
 1.1563338e+02 1.1601918e+02 1.1639719e+02 1.1677084e+02 1.1698580e+02
 1.1715079e+02 1.1726381e+02 1.1739020e+02 1.1752925e+02 1.1776336e+02
 1.1791401e+02 1.1809873e+02 1.1830812e+02 1.1846984e+02 1.1865107e+02
 1.1890127e+02 1.1904531e+02 1.1930200e+02 1.1944594e+02 1.1980966e+02
 1.1998653e+02 1.2019474e+02 1.2040345e+02 1.2057256e+02 1.2078812e+02
 1.2095102e+02 1.2131406e+02 1.2169560e+02 1.2205302e+02 1.2247315e+02
 1.2287215e+02 1.2324036e+02 1.2361519e+02 1.2382385e+02 1.2400141e+02
 1.2419347e+02 1.2439973e+02 1.2457624e+02 1.2475039e+02 1.2507773e+02
 1.2529170e+02 1.2551370e+02 1.2586209e+02 1.2624744e+02 1.2650413e+02
 1.2661057e+02 1.2699356e+02 1.2734889e+02 1.2775760e+02 1.2809351e+02
 1.2848476e+02 1.2886639e+02 1.2926980e+02 1.2941456e+02 1.2961805e+02
 1.2983175e+02 1.3001642e+02 1.3021193e+02 1.3038345e+02 1.3060499e+02
 1.3115406e+02 1.3155710e+02 1.3191927e+02 1.3209478e+02 1.3227800e+02
 1.3245959e+02 1.3268172e+02 1.3303610e+02 1.3339887e+02 1.3364268e+02
 1.3377333e+02 1.3417787e+02 1.3432721e+02 1.3455628e+02 1.3493583e+02
 1.3530467e+02 1.3566671e+02 1.3583333e+02 1.3594989e+02 1.3608336e+02
 1.3622875e+02 1.3644739e+02 1.3670050e+02 1.3685247e+02 1.3721800e+02
 1.3735011e+02 1.3761388e+02 1.3778444e+02 1.3798376e+02 1.3817483e+02
 1.3836526e+02 1.3873488e+02 1.3915528e+02 1.3951011e+02 1.3970213e+02
 1.3987959e+02 1.4027578e+02 1.4049098e+02 1.4068776e+02 1.4105474e+02
 1.4144249e+02 1.4182254e+02 1.4219868e+02 1.4258263e+02 1.4281655e+02
 1.4295864e+02 1.4335234e+02 1.4354281e+02 1.4371782e+02 1.4405678e+02
 1.4447556e+02 1.4483719e+02 1.4506263e+02 1.4518957e+02 1.4558594e+02
 1.4578472e+02 1.4599914e+02 1.4614435e+02 1.4634717e+02 1.4654494e+02
 1.4708961e+02 1.4729465e+02 1.4748104e+02 1.4763206e+02 1.4785678e+02
 1.4802522e+02 1.4857492e+02 1.4877855e+02 1.4895220e+02 1.4931333e+02
 1.4952467e+02 1.4971592e+02 1.5008100e+02 1.5045864e+02 1.5067764e+02
 1.5086862e+02 1.5122449e+02 1.5158091e+02 1.5177220e+02 1.5199075e+02
 1.5214989e+02 1.5222077e+02 1.5252898e+02 1.5294086e+02 1.5310812e+02
 1.5322222e+02 1.5342268e+02 1.5383574e+02 1.5404776e+02 1.5457297e+02
 1.5480957e+02 1.5530422e+02 1.5575070e+02 1.5612132e+02 1.5650544e+02
 1.5666463e+02 1.5689528e+02 1.5708095e+02 1.5725016e+02 1.5743456e+02
 1.5759542e+02 1.5782295e+02 1.5837633e+02 1.5877433e+02 1.5914222e+02
 1.5950018e+02 1.5987451e+02 1.6008385e+02 1.6062327e+02 1.6099873e+02
 1.6120798e+02 1.6139211e+02 1.6160930e+02 1.6217188e+02 1.6253088e+02
 1.6289184e+02 1.6305429e+02 1.6330245e+02 1.6346168e+02 1.6366281e+02
 1.6384934e+02 1.6407909e+02 1.6444558e+02 1.6482553e+02 1.6496902e+02
 1.6518952e+02 1.6538249e+02 1.6556649e+02 1.6595642e+02 1.6632703e+02
 1.6670512e+02 1.6710630e+02 1.6747896e+02 1.6788875e+02 1.6825787e+02
 1.6864884e+02 1.6888263e+02 1.6903243e+02 1.6939986e+02 1.6957234e+02
 1.6979624e+02 1.6998168e+02 1.7020635e+02 1.7050662e+02 1.7093079e+02
 1.7108299e+02 1.7129079e+02 1.7147224e+02 1.7169011e+02 1.7202154e+02
 1.7245052e+02 1.7281329e+02 1.7320984e+02 1.7354227e+02 1.7399741e+02]","[[   0.     171.13     9.469 ...    0.973  -10.64    -7.228]
 [  21.119  -49.871 -114.473 ...   84.615   49.246   38.402]
 [  26.444 -130.753  -72.543 ...   24.652   15.226  -19.28 ]
 ...
 [  37.58   -77.368  -87.379 ...  -33.483  -18.018    3.868]
 [  35.229  -81.821  -54.833 ...  -39.472  -35.509    6.28 ]
 [  23.413  -48.009 -144.591 ...  -33.938  -27.6      7.248]]",22050,0.0,186.20036,0.148,0.0,0,0,0,0,0,0,0,0,0,0,0,0,0,0,0,7,1.0,-13.845,1,0.864,171.764,156.285,1,0.0,"[0.584 0.538 0.508 0.476 0.448 0.42  0.402 0.387 0.37  0.356 0.348 0.336
 0.326 0.319 0.315 0.326 0.323 0.326 0.328 0.33  0.327 0.336 0.349 0.362
 0.376 0.387 0.395 0.39  0.36  0.121 0.109 0.106 0.106 0.114 0.126 0.132
 0.147 0.16  0.177 0.184 0.178 0.182 0.188 0.187 0.188 0.185 0.186 0.176
 0.172 0.167 0.174 0.17  0.171 0.173 0.178 0.19  0.193 0.193 0.196 0.496
 0.487 0.479 0.473 0.464 0.461 0.452 0.449 0.436 0.429 0.412 0.407 0.424
 0.432 0.442 0.435 0.44  0.446 0.453 0.457 0.474 0.478 0.479 0.481 0.48
 0.471 0.48  0.487 0.484 0.481 0.478 0.478 0.473 0.463 0.452 0.439 0.419
 0.404 0.385 0.367 0.345 0.324 0.29  0.276 0.262 0.255 0.256 0.315 0.323
 0.329 0.334 0.345 0.355 0.36  0.372 0.384 0.398 0.395 0.404 0.418 0.425
 0.502 0.514 0.523 0.522 0.521 0.515 0.521 0.516 0.512 0.505 0.501 0.471
 0.473 0.469 0.466 0.457 0.45  0.434 0.421 0.404 0.386 0.38  0.37  0.362
 0.362 0.363 0.363 0.356 0.357 0.357 0.356 0.352 0.343 0.335 0.332 0.326
 0.316 0.335 0.357 0.373 0.39  0.401 0.4   0.403 0.406 0.406 0.404 0.42
 0.424 0.428 0.434 0.438 0.429 0.452 0.469 0.485 0.502 0.519 0.538 0.546
 0.557 0.567 0.457 0.471 0.486 0.494 0.508 0.512 0.511 0.514 0.518 0.513
 0.512 0.5   0.499 0.491 0.486 0.479 0.446 0.443 0.441 0.44  0.444 0.46
 0.457 0.453 0.448 0.444 0.425 0.42  0.426 0.426 0.426 0.431 0.433 0.438
 0.44  0.443 0.445 0.438 0.438 0.439 0.439 0.44  0.444 0.45  0.458 0.462
 0.466 0.459 0.46  0.459 0.455 0.45  0.443 0.432 0.422 0.409 0.395 0.38
 0.385 0.357 0.332 0.307 0.282 0.257 0.24  0.232 0.23  0.234 0.252 0.265
 0.279 0.293 0.311 0.326 0.343 0.36  0.378 0.391 0.394 0.407 0.417 0.422
 0.431 0.437 0.443 0.442 0.44  0.454 0.465 0.457 0.45  0.44  0.428 0.409
 0.396 0.388 0.386 0.377 0.368 0.357 0.355 0.349 0.348 0.36  0.373 0.371
 0.371 0.371 0.372 0.382 0.39  0.395 0.402 0.398 0.409 0.422 0.437 0.45
 0.463 0.466 0.479 0.487 0.497 0.5   0.507 0.51  0.514 0.516 0.523 0.527
 0.535 0.541 0.547 0.551 0.554 0.544 0.545 0.547 0.552 0.557 0.566 0.571
 0.573 0.58  0.59  0.578 0.578 0.575 0.573 0.566 0.55  0.537 0.526 0.514
 0.507 0.499 0.489 0.481 0.472 0.464 0.455 0.438 0.432 0.429 0.427 0.427
 0.435 0.441 0.448 0.456 0.471 0.486 0.5   0.514 0.528 0.539 0.552 0.559
 0.566 0.567 0.572 0.563 0.561 0.554 0.548 0.536 0.525 0.511 0.498 0.485
 0.472 0.458 0.424 0.409 0.392 0.378 0.372 0.367 0.361 0.364 0.363 0.366
 0.385 0.39  0.395 0.403 0.41  0.422 0.433 0.438 0.443 0.445 0.458 0.455
 0.452 0.448 0.444 0.433 0.435 0.427 0.419 0.412 0.408 0.4   0.399 0.396
 0.394 0.393 0.398 0.394 0.395 0.395 0.392 0.39  0.391 0.393 0.396 0.395
 0.39  0.388 0.389 0.387 0.385 0.386 0.39  0.386 0.39  0.386 0.387 0.378
 0.376 0.373 0.371 0.372 0.374 0.378 0.39  0.397 0.407 0.418 0.433 0.442
 0.452 0.466 0.473 0.484 0.496 0.511 0.53  0.536 0.543 0.559 0.578 0.591
 0.612 0.621 0.636 0.645 0.656 0.661 0.674 0.678 0.681 0.684 0.684 0.689
 0.688 0.682 0.678 0.673 0.67  0.668 0.668 0.668 0.664 0.659 0.655 0.648
 0.647 0.639 0.637 0.631 0.631 0.627 0.628 0.626 0.623 0.622 0.625 0.625
 0.63  0.634 0.639 0.639 0.639 0.634 0.631 0.626 0.622 0.62  0.618 0.617
 0.615 0.612 0.611 0.606 0.607 0.598 0.598 0.589 0.584 0.576 0.571 0.564
 0.563 0.558 0.557 0.551 0.548 0.541 0.536 0.527 0.521 0.511 0.508 0.501
 0.502 0.497 0.5   0.498 0.502 0.503 0.51  0.512 0.518 0.522 0.531 0.535
 0.539 0.539 0.547 0.546 0.551 0.552 0.555 0.553 0.557 0.553 0.509 0.548
 0.547 0.538 0.534 0.527 0.521 0.51  0.502 0.496 0.487 0.487 0.485 0.48
 0.477 0.471 0.475 0.472 0.474 0.474 0.478 0.471 0.477 0.481 0.49  0.496
 0.506 0.519 0.527 0.537 0.549 0.56  0.579 0.587 0.601 0.612 0.625 0.63
 0.637 0.642 0.651 0.655 0.659 0.661 0.663 0.661 0.656 0.651 0.643 0.634
 0.622 0.612 0.6   0.585 0.567 0.549 0.533 0.517 0.503 0.488 0.471 0.459
 0.447 0.424 0.413 0.404 0.396 0.394 0.391 0.39  0.388 0.391 0.397 0.406
 0.43  0.42  0.439 0.457 0.475 0.498 0.514 0.521 0.531 0.533 0.531 0.529
 0.525 0.512 0.505 0.472 0.459 0.444 0.433 0.424 0.415 0.407 0.401 0.396
 0.389 0.383 0.367 0.121 0.142 0.171 0.216 0.242 0.29  0.325 0.356 0.382
 0.408 0.431 0.451 0.461 0.473 0.481 0.49  0.536 0.54  0.543 0.542 0.54
 0.538 0.535 0.527 0.522 0.511 0.501 0.493 0.482 0.474 0.468 0.469 0.456
 0.451 0.446 0.437 0.432 0.434 0.432 0.432 0.432 0.426 0.431 0.436 0.444
 0.446 0.453 0.465 0.471 0.478 0.48  0.482 0.484 0.489 0.493 0.499 0.499
 0.502 0.505 0.512 0.517 0.523 0.525 0.527 0.53  0.533 0.537 0.54  0.541
 0.55  0.554 0.558 0.563 0.564 0.568 0.576 0.578 0.582 0.585 0.593 0.589
 0.593 0.593 0.6   0.599 0.598 0.595 0.595 0.582 0.528 0.512 0.498 0.476
 0.457 0.429 0.409 0.389 0.369 0.35  0.351 0.532 0.527 0.52  0.515 0.508
 0.506 0.503 0.501 0.496 0.492 0.489 0.489 0.483 0.48  0.474 0.469 0.471
 0.468 0.467 0.469 0.466 0.48  0.486 0.491 0.495 0.496 0.502 0.488 0.483
 0.478 0.47  0.472 0.473 0.464 0.453 0.446 0.438 0.415 0.404 0.392 0.382
 0.366 0.352 0.342 0.329 0.323 0.315 0.31  0.329 0.332 0.343 0.357 0.377
 0.387 0.404 0.422 0.435 0.442 0.455 0.464 0.472 0.481 0.49  0.489 0.492
 0.498 0.5   0.505 0.51  0.507 0.508 0.508 0.504 0.503 0.499 0.496 0.491
 0.487 0.486 0.486 0.482 0.475 0.474 0.474 0.472 0.47  0.47  0.47  0.468
 0.469 0.47  0.473 0.475 0.478 0.477 0.479 0.478 0.478 0.479 0.479 0.476
 0.473 0.469 0.471 0.468 0.468 0.466 0.467 0.464 0.465 0.462 0.468 0.469
 0.471 0.481 0.493 0.497 0.504 0.506 0.517 0.522 0.53  0.532 0.537 0.528
 0.527 0.519 0.522 0.52  0.523 0.526 0.522 0.52  0.518 0.515 0.512 0.501
 0.493 0.483 0.468 0.45  0.432 0.416 0.401 0.379 0.362 0.339 0.321 0.29
 0.267 0.243 0.224 0.199 0.173]","[  0.18877   0.38807   0.58638   0.78568   0.98597   1.18528   1.38458
   1.58488   1.78418   1.98149   2.18085   2.38021   2.57958   2.77794
   2.97431   3.17348   3.37067   3.57084   3.77298   3.97116   4.17006
   4.36796   4.56686   4.76872   4.96663   5.16557   5.36749   5.5724
   5.77829   5.98419   6.18322   6.38225   6.58032   6.77935   6.97837
   7.1774    7.37547   7.5745    7.77353   7.97159   8.16581   8.36484
   8.56291   8.76194   8.96097   9.15999   9.35902   9.55709   9.75612
   9.95515  10.15418  10.3532   10.55223  10.75126  10.95029  11.14836
  11.34738  11.54545  11.74448  11.94255  12.14064  12.33973  12.53684
  12.73197  12.93106  13.12755  13.32602  13.52251  13.71901  13.91452
  14.10778  14.30297  14.50009  14.69625  14.89047  15.08618  15.27614
  15.47088  15.66371  15.8575   16.05149  16.24645  16.44044  16.63057
  16.82649  17.0214   17.21631  17.41122  17.60613  17.80006  17.99203
  18.1894   18.38284  18.57825  18.77365  18.96906  19.16494  19.35984
  19.55475  19.74965  19.93867  20.13746  20.33048  20.5235   20.71653
  20.90955  21.10185  21.29415  21.48837  21.68164  21.87394  22.0672
  22.26046  22.45276  22.64891  22.84217  23.03832  23.2335   23.42773
  23.62195  23.81521  24.01116  24.20711  24.40306  24.59901  24.78906
  24.98599  25.1798   25.37751  25.57229  25.76708  25.95601  26.15514
  26.34851  26.54091  26.73428  26.92764  27.11894  27.31215  27.51114
  27.70435  27.90237  28.09662  28.29184  28.48706  28.68327  28.87947
  29.07677  29.27209  29.46343  29.66073  29.85605  30.05437  30.24778
  30.44316  30.63854  30.83882  31.02991  31.22195  31.41305  31.61082
  31.79809  31.99586  32.18789  32.37992  32.57195  32.76399  32.96175
  33.15221  33.34653  33.54085  33.73517  33.92756  34.12085  34.31709
  34.51038  34.70662  34.90287  35.09905  35.29524  35.49142  35.68761
  35.88675  36.08578  36.27904  36.4723   36.67133  36.86459  37.05786
  37.25688  37.45015  37.64245  37.84051  38.03474  38.23184  38.42607
  38.61933  38.81451  39.0097   39.20776  39.40103  39.59909  39.79332
  39.98562  40.18465  40.37791  40.57309  40.76636  40.95866  41.15222
  41.34387  41.53647  41.73387  41.92647  42.11495  42.30726  42.49861
  42.69284  42.88706  43.07475  43.26627  43.46066  43.65314  43.84562
  44.03756  44.22853  44.42047  44.61336  44.80338  44.99472  45.18894
  45.38124  45.57258  45.76681  45.95911  46.15141  46.34852  46.54178
  46.73504  46.9283   47.12061  47.31387  47.50809  47.70231  47.89748
  48.09651  48.29072  48.48492  48.68395  48.87719  49.07525  49.27428
  49.46752  49.66558  49.85979  50.05303  50.25109  50.44433  50.63758
  50.83178  51.02888  51.22212  51.41536  51.60764  51.80089  51.99413
  52.18737  52.38543  52.57867  52.77481  52.9697   53.16362  53.35561
  53.54954  53.74539  53.93642  54.13352  54.32869  54.52289  54.71614
  54.90938  55.10551  55.30165  55.49489  55.68813  55.88234  56.07608
  56.27276  56.46847  56.66417  56.85693  57.05196  57.24603  57.4401
  57.63417  57.83306  58.02639  58.21972  58.41305  58.60637  58.7997
  58.99494  59.1873   59.38061  59.57393  59.76339  59.95951  60.15275
  60.34501  60.53824  60.72762  60.92374  61.11891  61.31119  61.50443
  61.69768  61.88996  62.08344  62.27595  62.46943  62.66195  62.85543
  63.04797  63.2405   63.434    63.62653  63.81907  64.0122   64.2063
  64.39462  64.59064  64.77992  64.97303  65.16901  65.35733  65.55426
  65.74545  65.93784  66.13119  66.32358  66.51693  66.71028  66.90556
  67.09491  67.29101  67.48133  67.67357  67.86775  68.06089  68.25306
  68.4462   68.63934  68.83345  69.02613  69.21977  69.41246  69.60514
  69.79782  69.99154  70.18429  70.37705  70.5698   70.76352  70.95708
  71.14967  71.34322  71.53581  71.72937  71.92293  72.11072  72.30332
  72.5017   72.6943   72.88691  73.07922  73.27251  73.46483  73.65811
  73.85043  74.04271  74.23595  74.42823  74.62051  74.81278  75.00506
  75.19638  75.39155  75.58286  75.77514  75.96839  76.16163  76.35487
  76.54811  76.74136  76.93422  77.12709  77.31803  77.51187  77.70377
  77.89375  78.0862   78.27769  78.46631  78.65971  78.8512   79.04157
  79.23194  79.42231  79.61268  79.80495  79.99332  80.18264  80.37196
  80.56128  80.7506   80.9392   81.12876  81.31927  81.50883  81.7022
  81.89175  82.08068  82.27055  82.45947  82.64839  82.83731  83.02888
  83.21855  83.40917  83.59884  83.7904   83.97863  84.17165  84.36275
  84.55384  84.74111  84.93775  85.12956  85.32041  85.51415  85.70307
  85.89585  86.09066  86.2845   86.47833  86.67217  86.86698  87.05897
  87.25289  87.44873  87.64265  87.83657  88.03077  88.22401  88.41629
  88.60954  88.80471  88.99734  89.19094  89.38744  89.58008  89.77367
  89.9662   90.1597   90.35319  90.54572  90.73632  90.93132  91.1244
  91.31748  91.51057  91.69982  91.89168  92.08641  92.27731  92.46917
  92.66103  92.85385  93.04628  93.23776  93.42923  93.62166  93.81314
  94.0047   94.19627  94.38879  94.58035  94.77288  94.96425  95.15563
  95.34797  95.5403   95.7336   95.92666  96.11972  96.31278  96.50585
  96.69794  96.89119  97.08347  97.27671  97.46995  97.66223  97.85644
  98.04968  98.24581  98.43424  98.63133  98.82458  99.01686  99.2101
  99.40238  99.59562  99.78886  99.97783 100.17065 100.3654  100.5563
 100.74912 100.94171 101.13429 101.32495 101.5185  101.71012 101.90207
 102.09402 102.28501 102.47696 102.66891 102.86086 103.05263 103.24439
 103.43616 103.62793 103.8197  104.01104 104.20238 104.39371 104.58505
 104.77639 104.96771 105.15902 105.35034 105.54165 105.73297 105.92525
 106.11463 106.30691 106.49919 106.69051 106.87122 107.07417 107.26555
 107.45693 107.64928 107.84066 108.03301 108.22421 108.41638 108.60758
 108.79975 108.99095 109.18233 109.37371 109.5651  109.75648 109.94786
 110.13925 110.32485 110.51623 110.70761 110.899   111.09234 111.27902
 111.47046 111.6619  111.85239 112.04383 112.23458 112.42629 112.61511
 112.80682 112.99757 113.19032 113.38212 113.57294 113.76377 113.95556
 114.14594 114.33726 114.52859 114.71992 114.91124 115.10252 115.29381
 115.48509 115.67637 115.8667  116.05726 116.24878 116.4403  116.63087
 116.82239 117.01295 117.20315 117.39429 117.58163 117.77277 117.96392
 118.15142 118.34179 118.52929 118.7187  118.91288 119.10258 119.29133
 119.48009 119.66979 119.85854 120.04883 120.23817 120.42751 120.61686
 120.8062  120.99648 121.18594 121.37732 121.56292 121.7543  121.94569
 122.13673 122.32681 122.51978 122.70986 122.89994 123.09237 123.28384
 123.47531 123.66393 123.8535  124.03877 124.2231  124.41214 124.60023
 124.78833 124.97831 125.16746 125.35475 125.54204 125.72933 125.91569
 126.10418 126.28978 126.47538 126.66098 126.84658 127.03218 127.21778
 127.40917 127.59573 127.78712 127.9785  128.16988 128.36127 128.54687
 128.73921 128.92963 129.11912 129.30956 129.50001 129.6895  129.87803
 130.06615 130.25522 130.4462  130.63717 130.82624 131.01246 131.20148
 131.39527 131.5862  131.77522 131.9652  132.1513  132.34121 132.53112
 132.72103 132.91094 133.09866 133.28828 133.47791 133.66754 133.85811
 134.04576 134.2353  134.42485 134.61439 134.80394 134.99349 135.18252
 135.37156 135.56155 135.75059 135.93867 136.12938 136.31915 136.50986
 136.69962 136.89224 137.08239 137.27349 137.46744 137.6595  137.8506
 138.04239 138.23418 138.42019 138.61198 138.80377 138.99556 139.18797
 139.37941 139.57277 139.76325 139.95469 140.14571 140.33866 140.53064
 140.7207  140.91268 141.10379 141.29586 141.48697 141.67808 141.86919
 142.06108 142.25012 142.44201 142.632   142.82199 143.01337 143.19898
 143.39132 143.58271 143.76831 143.95969 144.14529 144.33667 144.52806
 144.71366 144.89926 145.08111 145.26853 145.45782 145.64339 145.82988
 146.01644 146.20299 146.39047 146.57703 146.76358 146.95013 147.13706
 147.32399 147.51091 147.69691 147.88384 148.07018 148.25744 148.44471
 148.63198 148.81925 149.00936 149.19759 149.38488 149.575   149.76323
 149.95146 150.13801 150.32742 150.51398 150.70339 150.8928  151.07994
 151.26802 151.45611 151.64325 151.83133 152.01845 152.20464 152.39269
 152.58167 152.76879 152.95591 153.14786 153.33517 153.52247 153.70977
 153.89614 154.08493 154.27562 154.46536 154.65129 154.84484 155.03093
 155.22082 155.41072 155.60062 155.79052 155.9774  156.16714 156.35783
 156.54662 156.7354  156.92514 157.11435 157.30356 157.49182 157.68103
 157.86929 158.05716 158.24597 158.43384 158.62171 158.81334 159.00213
 159.18997 159.37876 159.56755 159.75633 159.94418 160.13345 160.32179
 160.50918 160.69939 160.88773 161.0769  161.26513 161.45336 161.64254
 161.82983 162.02106 162.20947 162.396   162.58724 162.77471 162.96407
 163.15459 163.3432  163.53277 163.72234 163.91191 164.1011  164.29028
 164.48042 164.6696  164.85973 165.04831 165.23878 165.42926 165.62069
 165.81116 166.00649 166.19801 166.38286 166.57438 166.7659  166.95742
 167.14977 167.34115 167.5335  167.72488 167.91723 168.10861 168.3
 168.49234 168.68373 168.87511 169.06756 169.25715 169.4496  169.63443
 169.82402 170.01621 170.20651 170.39588 170.58713 170.77461 170.96543
 171.15434 171.34611 171.53216 171.72107 171.9157  172.10627 172.29683
 172.48645 172.6713  172.86663 173.05801 173.24939 173.44078 173.63409
 173.82644 174.02553]",1986,0,0.0063274354286434985,0.009491073976900766,0.012654617526768138,0.015818034413594764,0.01898129297399761,0.02214436154617835,0.025307208470240313,0.028469802088505337,0.03163211074583067,0.034794102789925806,0.03795574657166927,0.04111701044542548,0.044277862769361354,0.0474382719057632,0.05059820622135325,0.05375763408760632,0.05691652388106642,0.06007484398366324,0.06323256278302866,0.06638964867281315,0.06954607005300205,0.07270179533023202,0.07585679291810717,0.07901103123751516,0.08216447871694339,0.08531710379279496,0.0884688749097046,0.09161976052085453,0.09476972908829018,0.09791874908323589,0.1010667889864105,0.10421381728834278,0.10735980248968693,0.11050471310153771,0.11364851764574575,0.11679118465523254,0.11993268267430543,0.1230729802589725,0.12621204597725721,0.1293498484095131,0.13248635614873824,0.13562153780088954,0.13875536198519703,0.14188779733447804,0.14501881249545095,0.14814837612904933,0.15127645691073516,0.1544030235308128,0.1575280446947423,0.1606514891234523,0.1637733255536536,0.16689352273815158,0.17001204944615947,0.1731288744636105,0.17624396659347066,0.17935729465605071,0.18246882748931847,0.1855785339492105,0.1886863829099441,0.1917923432643287,0.1948963839240771,0.19799847382011693,0.20109858190290136,0.20419667714272005,0.20729272853000974,0.21038670507566443,0.21347857581134583,0.21656830978979308,0.2196558760851327,0.22274124379318808,0.22582438203178867,0.22890525994107935,0.23198384668382913,0.23506011144573968,0.23813402343575416,0.2412055518863651,0.24427466605392234,0.24734133521894094,0.25040552868640853,0.2534672157860926,0.25652636587284744,0.25958294832692097,0.262636932554261,0.26568828798682176,0.26873698408286956,0.2717829903272888,0.2748262762318871,0.27786681133570074,0.2809045652052991,0.28393950743509005,0.2869716076476234,0.29000083549389577,0.2930271606536536,0.29605055283569714,0.2990709817781836,0.3020884172489298,0.3051028290457151,0.3081141869965834
